<?xml version="1.0" encoding="UTF-8" standalone="no"?><jbi xmlns="http://java.sun.com/xml/ns/jbi" xmlns:ns0="http://enterprise.netbeans.org/bpel/ReservationBPEL/ReservationBP" xmlns:ns1="http://j2ee.netbeans.org/wsdl/SendItinerary" xmlns:ns2="http://j2ee.netbeans.org/wsdl/StoreItinerary" xmlns:ns3="http://j2ee.netbeans.org/wsdl/MailResponder" xmlns:ns4="http://airalliance.org/" xmlns:ns5="http://j2ee.netbeans.org/wsdl/UploadItinerary" xmlns:ns6="http://westair.airalliance.org/" xmlns:ns7="http://j2ee.netbeans.org/wsdl/Itinerary_SA" xmlns:ns8="http://j2ee.netbeans.org/wsdl/ProcessReservation" xmlns:ns9="http://northair.airalliance.org/" version="1.0"><services binding-component="false"><provides endpoint-name="ProcessReservationPortTypeRole_myRole" interface-name="ns8:ProcessReservationPortType" service-name="ns0:ProcessReservation_PL"/><consumes endpoint-name="SendItineraryPortTypeRole_partnerRole" interface-name="ns1:SendItineraryPortType" service-name="ns0:SendItinerary_PL"/><consumes endpoint-name="StoreItineraryPortTypeRole_partnerRole" interface-name="ns2:StoreItineraryPortType" service-name="ns0:StoreItinerary_PL"/><consumes endpoint-name="MailResponderPortTypeRole_partnerRole" interface-name="ns3:MailResponderPortType" service-name="ns0:MailResponder_PL"/><consumes endpoint-name="AAPreProcessor_WSRole_partnerRole" interface-name="ns4:AAPreProcessor_WS" service-name="ns0:PreProcessor"/><consumes endpoint-name="UploadItineraryPortTypeRole_partnerRole" interface-name="ns5:UploadItineraryPortType" service-name="ns0:UploadItinerary_PL"/><consumes endpoint-name="WestAir_WSRole_partnerRole" interface-name="ns6:WestAir_WS" service-name="ns0:WestAir_PL"/><consumes endpoint-name="jdbcPortTypeRole_partnerRole" interface-name="ns7:jdbcPortType" service-name="ns0:UpdateSA_DB"/><consumes endpoint-name="NorthAirWSRole_partnerRole" interface-name="ns9:NorthAirWS" service-name="ns0:NorthAirWS_PL"/></services></jbi>